<?xml version="1.0" encoding="UTF-8"?>
<project-private xmlns="http://www.netbeans.org/ns/project-private/1">
    <editor-bookmarks xmlns="http://www.netbeans.org/ns/editor-bookmarks/2" lastBookmarkId="0"/>
    <open-files xmlns="http://www.netbeans.org/ns/projectui-open-files/2">
        <group>
            <file>file:/D:/DevWorks/PERSONAL/NU/NU%20Class%20Sessions/INFO5100_LAB/PROJECT/INVENTORY_MANAGEMENT/src/view/ProductPage.java</file>
            <file>file:/D:/DevWorks/PERSONAL/NU/NU%20Class%20Sessions/INFO5100_LAB/PROJECT/INVENTORY_MANAGEMENT/src/db/ConnectionFactory.java</file>
            <file>file:/D:/DevWorks/PERSONAL/NU/NU%20Class%20Sessions/INFO5100_LAB/PROJECT/INVENTORY_MANAGEMENT/src/view/CustomerPage.java</file>
            <file>file:/D:/DevWorks/PERSONAL/NU/NU%20Class%20Sessions/INFO5100_LAB/PROJECT/INVENTORY_MANAGEMENT/src/view/UsersPage.java</file>
            <file>file:/D:/DevWorks/PERSONAL/NU/NU%20Class%20Sessions/INFO5100_LAB/PROJECT/INVENTORY_MANAGEMENT/src/view/Dashboard.java</file>
            <file>file:/D:/DevWorks/PERSONAL/NU/NU%20Class%20Sessions/INFO5100_LAB/PROJECT/INVENTORY_MANAGEMENT/src/utility/UserDAO.java</file>
            <file>file:/D:/DevWorks/PERSONAL/NU/NU%20Class%20Sessions/INFO5100_LAB/PROJECT/INVENTORY_MANAGEMENT/src/view/SupplierPage.java</file>
            <file>file:/D:/DevWorks/PERSONAL/NU/NU%20Class%20Sessions/INFO5100_LAB/PROJECT/INVENTORY_MANAGEMENT/src/utility/ProductDAO.java</file>
            <file>file:/D:/DevWorks/PERSONAL/NU/NU%20Class%20Sessions/INFO5100_LAB/PROJECT/INVENTORY_MANAGEMENT/src/view/LoginPage.java</file>
            <file>file:/D:/DevWorks/PERSONAL/NU/NU%20Class%20Sessions/INFO5100_LAB/PROJECT/INVENTORY_MANAGEMENT/src/view/PurchasePage.java</file>
            <file>file:/D:/DevWorks/PERSONAL/NU/NU%20Class%20Sessions/INFO5100_LAB/PROJECT/INVENTORY_MANAGEMENT/src/view/CurrentStockPage.java</file>
            <file>file:/D:/DevWorks/PERSONAL/NU/NU%20Class%20Sessions/INFO5100_LAB/PROJECT/INVENTORY_MANAGEMENT/src/utility/SupplierDAO.java</file>
            <file>file:/D:/DevWorks/PERSONAL/NU/NU%20Class%20Sessions/INFO5100_LAB/PROJECT/INVENTORY_MANAGEMENT/src/view/HomePage.java</file>
            <file>file:/D:/DevWorks/PERSONAL/NU/NU%20Class%20Sessions/INFO5100_LAB/PROJECT/INVENTORY_MANAGEMENT/src/utility/CustomerDAO.java</file>
            <file>file:/D:/DevWorks/PERSONAL/NU/NU%20Class%20Sessions/INFO5100_LAB/PROJECT/INVENTORY_MANAGEMENT/src/view/SalesPage.java</file>
        </group>
    </open-files>
</project-private>
